sample_index,true_activity,predicted_activity,accel_x,accel_y,accel_z,gyro_x,gyro_y,gyro_z
29961,walking,walking,0.13008546829223633,0.23685181140899658,0.14681290090084076,0.1744939088821411,0.11917413026094437,0.1294841319322586
30047,stairs,stairs,0.06228753924369812,0.10015034675598145,0.05430055782198906,0.055715255439281464,0.055958785116672516,0.059323929250240326
30004,jogging,walking,0.0969819650053978,0.19047516584396362,0.09237668663263321,0.11136902868747711,0.08665250986814499,0.08193513751029968
30133,standing,dribbling,0.030826278030872345,0.025031449273228645,0.025257857516407967,0.12981998920440674,0.13339245319366455,0.14064103364944458
