{
  "selected_by": "highest validation accuracy on held-out subjects",
  "best_architecture": "resnet1d",
  "val_accuracy": 0.4652452025586354,
  "val_macro_f1": 0.44999529307277625,
  "test_accuracy": 0.48205128205128206,
  "test_macro_f1": 0.4786064290121905,
  "comparison": [
    {
      "architecture": "tcn",
      "val_accuracy": 0.4136460554371002,
      "val_macro_f1": 0.4075606454237842,
      "test_accuracy": 0.42980769230769234,
      "test_macro_f1": 0.4196883827463976
    },
    {
      "architecture": "inception_time",
      "val_accuracy": 0.42473347547974416,
      "val_macro_f1": 0.4167449338128737,
      "test_accuracy": 0.4971153846153846,
      "test_macro_f1": 0.5010758398504427
    },
    {
      "architecture": "deep_conv_lstm",
      "val_accuracy": 0.43155650319829425,
      "val_macro_f1": 0.3821208415866175,
      "test_accuracy": 0.4439102564102564,
      "test_macro_f1": 0.4074990477456429
    },
    {
      "architecture": "resnet1d",
      "val_accuracy": 0.4652452025586354,
      "val_macro_f1": 0.44999529307277625,
      "test_accuracy": 0.48205128205128206,
      "test_macro_f1": 0.4786064290121905
    }
  ]
}