architecture,val_accuracy,val_macro_f1,test_accuracy,test_macro_f1
tcn,0.4136460554371002,0.4075606454237842,0.42980769230769234,0.4196883827463976
inception_time,0.42473347547974416,0.4167449338128737,0.4971153846153846,0.5010758398504427
deep_conv_lstm,0.43155650319829425,0.3821208415866175,0.4439102564102564,0.4074990477456429
resnet1d,0.4652452025586354,0.44999529307277625,0.48205128205128206,0.4786064290121905
