sample_index,true_activity,predicted_activity,accel_x,accel_y,accel_z,gyro_x,gyro_y,gyro_z
19987,walking,walking,0.09752137959003448,0.22579273581504822,0.12356983125209808,0.22989532351493835,0.15753842890262604,0.2014087289571762
20073,stairs,stairs,0.044833507388830185,0.12192999571561813,0.051083702594041824,0.08522714674472809,0.06979207694530487,0.10054495185613632
20030,jogging,jogging,0.09078372269868851,0.18076547980308533,0.07543346285820007,0.09096673130989075,0.07558254897594452,0.10098491609096527
20159,standing,catch,0.031722184270620346,0.04649266228079796,0.06252279877662659,0.14569276571273804,0.18303468823432922,0.17083591222763062
