input_variant,accuracy,macro_f1
accel+gyro,0.5025641025641026,0.4960961863578735
accel_only,0.24294871794871795,0.1934238399767143
gyro_only,0.253525641025641,0.19351959477320527
