input_variant,accuracy,macro_f1
accel+gyro,0.3331196581196581,0.3101697426855072
accel_only,0.14145299145299145,0.09512213071800676
gyro_only,0.22692307692307692,0.1984925167391334
