model,accuracy,macro_f1
rbf_svm,0.36101499423298733,0.31248857303444266
random_forest,0.3644752018454441,0.30844428396486673
extra_trees,0.3333333333333333,0.28242545377297135
